{
  "constellation_name": "Big Dipper",
  "num_stars": 7,
  "normalized_coordinates": [
    [
      -2.1135798821862,
      -0.5983037530719022
    ],
    [
      -1.3509598351476255,
      -0.0574949446709037
    ],
    [
      -0.5883397881090506,
      0.4833138637300948
    ],
    [
      0.10773688733825135,
      0.6330940154992212
    ],
    [
      0.7150890673305227,
      0.2615026250925184
    ],
    [
      1.3224412473227942,
      -0.11008876531418439
    ],
    [
      1.9076123034513077,
      -0.6120230412648445
    ]
  ]
}