{
  "constellation_name": "L-Shape",
  "num_stars": 4,
  "normalized_coordinates": [
    [
      -2.143042917426773,
      -0.12673873220471696
    ],
    [
      0.08304356673594052,
      0.6541302429328776
    ],
    [
      0.4734780543047378,
      -0.45891299914847905
    ],
    [
      1.5865212963860944,
      -0.0684785115796817
    ]
  ]
}