{
  "constellation_name": "Line",
  "num_stars": 3,
  "normalized_coordinates": [
    [
      -1.7320508075688774,
      0.0
    ],
    [
      0.0,
      0.0
    ],
    [
      1.7320508075688774,
      0.0
    ]
  ]
}