{
  "constellation_name": "Orion",
  "num_stars": 6,
  "normalized_coordinates": [
    [
      -0.6859943405700354,
      1.0289915108550531
    ],
    [
      -1.7149858514250886,
      0.0
    ],
    [
      -0.6859943405700354,
      -1.0289915108550531
    ],
    [
      0.3429971702850177,
      0.0
    ],
    [
      1.3719886811400708,
      1.0289915108550531
    ],
    [
      1.3719886811400708,
      -1.0289915108550531
    ]
  ]
}