{
  "constellation_name": "Triangle",
  "num_stars": 3,
  "normalized_coordinates": [
    [
      1.511857892036909,
      0.0
    ],
    [
      -0.7559289460184544,
      1.1338934190276817
    ],
    [
      -0.7559289460184544,
      -1.1338934190276817
    ]
  ]
}